Product Name,Product Price,Product Availability
BAJU MELAYU 4.0 WARM GREY,RM189.00,Baju Melayu
BAJU MELAYU MAGNIFICENT 2.0 NAVY BLUE 2022,RM209.00,Baju Melayu
BAJU MELAYU MAGNIFICENT 4.0 AQUA BLUE,RM189.00,Baju Melayu
BAJU MELAYU MAGNIFICENT 4.0 BROWN,RM189.00,Baju Melayu
BAJU MELAYU MAGNIFICENT 4.0 EMERALD GREEN,RM189.00,Baju Melayu
BAJU MELAYU MAGNIFICENT 4.0 LIGHT BLUE,RM189.00,Baju Melayu
BAJU MELAYU MAGNIFICENT 4.0 LILAC,RM189.00,Baju Melayu
BAJU MELAYU MAGNIFICENT 4.0 MINT GREEN,RM189.00,Baju Melayu
BAJU MELAYU MAGNIFICENT 4.0 MOSS GREEN,RM189.00,Baju Melayu
BAJU MELAYU MAGNIFICENT 4.0 ORANGE RED,RM189.00,Baju Melayu
BAJU MELAYU MAGNIFICENT 4.0 RED,RM189.00,Baju Melayu
BAJU MELAYU MAGNIFICENT 4.0 ROSSE PINK,RM189.00,Baju Melayu
BAJU MELAYU MAGNIFICENT 4.0 SALMON,RM189.00,Baju Melayu
